{"cameraMode":{"drawMode":0,"name":"Shaded","section":"Shading Mode"},"sceneLighting":true,"audioPlay":false,"sceneViewState":{"showFog":true,"showMaterialUpdate":true,"showSkybox":true,"showFlares":true,"showImageEffects":true,"showParticleSystems":true},"in2DMode":false,"pivot":{"x":10.103702545166016,"y":4.226428031921387,"z":-6.062244892120361},"rotation":{"x":-0.08880235254764557,"y":0.8597250580787659,"z":0.16011160612106324,"w":0.47681352496147158},"size":13.500728607177735,"orthographic":false}