{"cameraMode":{"drawMode":0,"name":"Shaded","section":"Shading Mode"},"sceneLighting":false,"audioPlay":false,"sceneViewState":{"showFog":true,"showMaterialUpdate":true,"showSkybox":true,"showFlares":true,"showImageEffects":true,"showParticleSystems":true},"in2DMode":false,"pivot":{"x":-1.6861753463745118,"y":0.5331153869628906,"z":-3.0622191429138185},"rotation":{"x":0.027774525806307794,"y":0.9590458869934082,"z":0.10126364976167679,"w":-0.26306888461112978},"size":4.8064422607421879,"orthographic":false}