{"cameraMode":{"drawMode":0,"name":"Shaded","section":"Shading Mode"},"sceneLighting":true,"audioPlay":false,"sceneViewState":{"showFog":true,"showMaterialUpdate":true,"showSkybox":true,"showFlares":true,"showImageEffects":true,"showParticleSystems":true},"in2DMode":false,"pivot":{"x":-4.23203182220459,"y":0.01407700777053833,"z":-9.566404342651368},"rotation":{"x":-0.10241998732089997,"y":0.763531506061554,"z":-0.12507610023021699,"w":-0.6252086162567139},"size":1.699364423751831,"orthographic":false}