{"cameraMode":{"drawMode":0,"name":"Shaded","section":"Shading Mode"},"sceneLighting":false,"audioPlay":false,"sceneViewState":{"showFog":true,"showMaterialUpdate":false,"showSkybox":true,"showFlares":true,"showImageEffects":true,"showParticleSystems":true},"in2DMode":false,"pivot":{"x":-0.419161319732666,"y":-0.6130956411361694,"z":-0.17542286217212678},"rotation":{"x":-0.2589719295501709,"y":0.6901407837867737,"z":-0.2936673164367676,"w":-0.6086039543151856},"size":3.0123419761657717,"orthographic":false}