{"cameraMode":{"drawMode":0,"name":"Shaded","section":"Shading Mode"},"sceneLighting":false,"audioPlay":false,"sceneViewState":{"showFog":true,"showMaterialUpdate":false,"showSkybox":true,"showFlares":true,"showImageEffects":true,"showParticleSystems":true},"in2DMode":false,"pivot":{"x":-1.7760663032531739,"y":0.6899999976158142,"z":1.7200000286102296},"rotation":{"x":0.2594820559024811,"y":-0.5832371711730957,"z":0.20389403402805329,"w":0.7422470450401306},"size":1.1431536674499512,"orthographic":false}