{"cameraMode":{"drawMode":0,"name":"Shaded","section":"Shading Mode"},"sceneLighting":false,"audioPlay":false,"sceneViewState":{"showFog":true,"showMaterialUpdate":false,"showSkybox":true,"showFlares":true,"showImageEffects":true,"showParticleSystems":true},"in2DMode":false,"pivot":{"x":-0.06279170513153076,"y":-0.2731173038482666,"z":0.0771908164024353},"rotation":{"x":-0.06348295509815216,"y":0.8385286927223206,"z":-0.10009672492742539,"w":-0.5318084359169006},"size":3.0123419761657717,"orthographic":false}