{"cameraMode":{"drawMode":0,"name":"Shaded","section":"Shading Mode"},"sceneLighting":true,"audioPlay":false,"sceneViewState":{"showFog":true,"showMaterialUpdate":false,"showSkybox":true,"showFlares":true,"showImageEffects":true,"showParticleSystems":true},"in2DMode":false,"pivot":{"x":5.547097206115723,"y":-1.9738126993179322,"z":-2.8702263832092287},"rotation":{"x":-0.003197783837094903,"y":0.9759424328804016,"z":-0.21753230690956117,"w":-0.014346054755151272},"size":9.44552993774414,"orthographic":false}