{"cameraMode":{"drawMode":0,"name":"Shaded","section":"Shading Mode"},"sceneLighting":true,"audioPlay":false,"sceneViewState":{"showFog":true,"showMaterialUpdate":false,"showSkybox":true,"showFlares":true,"showImageEffects":true,"showParticleSystems":true},"in2DMode":false,"pivot":{"x":-10.430774688720704,"y":1.1031851768493653,"z":-6.299500465393066},"rotation":{"x":-0.05348655954003334,"y":0.8693063259124756,"z":-0.09650480002164841,"w":-0.4818013906478882},"size":21.007497787475587,"orthographic":false}